record_time,Mean_std_acc,Mean_std_f1,device_idx,dataset,n_labeled_per_class,bs,lr,weight_u_loss,psl_threshold_h,adaptive_threshold,num_nets,cross_labeling,weight_disagreement,disagree_weight,ema_mode,ema_momentum,val_interval,early_stop_tolerance,max_step,max_epoch,save_name,token,seeds_list
20240326-224027,15.54,4.91,0,../codecomplex_java,10,7,1e-05,1,0.7,True,1,False,True,0.9,False,0.9,25,10,100000,100,codecomplex_java_codebert-base_10_0.7,microsoft/codebert-base,[0]
record_time,Mean_std_acc,Mean_std_f1,device_idx,dataset,n_labeled_per_class,bs,lr,weight_u_loss,psl_threshold_h,adaptive_threshold,num_nets,cross_labeling,weight_disagreement,disagree_weight,ema_mode,ema_momentum,val_interval,early_stop_tolerance,max_step,max_epoch,save_name,token,seeds_list
20240327-000813,15.75,3.89,0,../codecomplex_java,5,7,1e-05,1,0.7,True,1,False,True,0.9,False,0.9,25,10,100000,100,codecomplex_java_codebert-base_5_0.7,microsoft/codebert-base,[0]
record_time,Mean_std_acc,Mean_std_f1,device_idx,dataset,n_labeled_per_class,bs,lr,weight_u_loss,psl_threshold_h,adaptive_threshold,num_nets,cross_labeling,weight_disagreement,disagree_weight,ema_mode,ema_momentum,val_interval,early_stop_tolerance,max_step,max_epoch,save_name,token,seeds_list
20240327-001841,15.75,3.89,0,../codecomplex_java,5,7,1e-05,1,0.7,True,1,False,True,0.9,False,0.9,25,10,100000,100,codecomplex_java_codebert-base_5_0.7,microsoft/codebert-base,[0]
record_time,Mean_std_acc,Mean_std_f1,device_idx,dataset,n_labeled_per_class,bs,lr,weight_u_loss,psl_threshold_h,adaptive_threshold,num_nets,cross_labeling,weight_disagreement,disagree_weight,ema_mode,ema_momentum,val_interval,early_stop_tolerance,max_step,max_epoch,save_name,token,seeds_list
20240327-003354,15.75,3.89,0,../codecomplex_java,5,7,1e-05,1,0.7,True,1,False,True,0.9,False,0.9,25,10,100000,100,codecomplex_java_codebert-base_5_0.7,microsoft/codebert-base,[0]
record_time,Mean_std_acc,Mean_std_f1,device_idx,dataset,n_labeled_per_class,bs,lr,weight_u_loss,psl_threshold_h,adaptive_threshold,num_nets,cross_labeling,weight_disagreement,disagree_weight,ema_mode,ema_momentum,val_interval,early_stop_tolerance,max_step,max_epoch,save_name,token,seeds_list
20240327-000806,29.86,26.69,0,../codecomplex_java,10,7,1e-05,1,0.7,True,1,False,True,0.9,False,0.9,25,10,100000,100,codecomplex_java_codebert-base_10_0.7,microsoft/codebert-base,[0]
record_time,Mean_std_acc,Mean_std_f1,device_idx,dataset,n_labeled_per_class,bs,lr,weight_u_loss,psl_threshold_h,adaptive_threshold,num_nets,cross_labeling,weight_disagreement,disagree_weight,ema_mode,ema_momentum,val_interval,early_stop_tolerance,max_step,max_epoch,save_name,token,net_arch,seeds_list
20240327-010433,37.83,36.45,0,../codecomplex_java,10,7,1e-05,1,0.7,True,1,False,True,0.9,False,0.9,25,10,100000,100,codecomplex_java_codet5p-110m-embedding_10_0.7,Salesforce/codet5p-110m-embedding,Salesforce/codet5p-110m-embedding,[0]
record_time,Mean_std_acc,Mean_std_f1,device_idx,dataset,n_labeled_per_class,bs,lr,weight_u_loss,psl_threshold_h,adaptive_threshold,num_nets,cross_labeling,weight_disagreement,disagree_weight,ema_mode,ema_momentum,val_interval,early_stop_tolerance,max_step,max_epoch,save_name,token,net_arch,seeds_list
20240327-010048,35.38,35.08,0,../codecomplex_java,10,7,1e-05,1,0.7,True,1,False,True,0.9,False,0.9,25,10,100000,100,codecomplex_java_unixcoder-base_10_0.7,microsoft/unixcoder-base,microsoft/unixcoder-base,[0]
record_time,Mean_std_acc,Mean_std_f1,device_idx,dataset,n_labeled_per_class,bs,lr,weight_u_loss,psl_threshold_h,adaptive_threshold,num_nets,cross_labeling,weight_disagreement,disagree_weight,ema_mode,ema_momentum,val_interval,early_stop_tolerance,max_step,max_epoch,save_name,token,net_arch,seeds_list
20240327-085940,35.38,35.08,0,../codecomplex_java,10,7,1e-05,1,0.7,True,1,False,True,0.9,False,0.9,25,10,100000,100,codecomplex_java_unixcoder-base_10_0.7,microsoft/unixcoder-base,microsoft/unixcoder-base,[0]
record_time,Mean_std_acc,Mean_std_f1,device_idx,dataset,n_labeled_per_class,bs,lr,weight_u_loss,psl_threshold_h,adaptive_threshold,num_nets,cross_labeling,weight_disagreement,disagree_weight,ema_mode,ema_momentum,val_interval,early_stop_tolerance,max_step,max_epoch,save_name,token,net_arch,seeds_list
20240327-100341,29.65,26.42,0,../codecomplex_java,5,7,1e-05,1,0.7,True,1,False,True,0.9,False,0.9,25,10,100000,100,codecomplex_java_unixcoder-base_5_0.7,microsoft/unixcoder-base,microsoft/unixcoder-base,[0]
record_time,Mean_std_acc,Mean_std_f1,device_idx,dataset,n_labeled_per_class,bs,lr,weight_u_loss,psl_threshold_h,adaptive_threshold,num_nets,cross_labeling,weight_disagreement,disagree_weight,ema_mode,ema_momentum,val_interval,early_stop_tolerance,max_step,max_epoch,save_name,token,net_arch,labeling_mode,seeds_list
20240327-105830,37.83,36.45,0,../codecomplex_java,10,7,1e-05,1,0.7,True,1,False,True,0.9,False,0.9,25,10,100000,100,codecomplex_java_codet5p-110m-embedding_10_0.7,Salesforce/codet5p-110m-embedding,Salesforce/codet5p-110m-embedding,soft,[0]
