record_time,Mean_std_acc,Mean_std_f1,device_idx,dataset,n_labeled_per_class,bs,ul_ratio,lr,weight_u_loss,psl_threshold_h,adaptive_threshold,num_nets,cross_labeling,weight_disagreement,disagree_weight,ema_mode,ema_momentum,val_interval,early_stop_tolerance,max_step,seeds_list
20240121-224600,17.59 ± 4.48,12.32 ± 5.60,0,code_complex/java_extended_data,1,8,10,1e-05,1,0.98,True,2,True,True,0.9,True,0.9,25,10,100000,"[0, 1, 2, 3, 4]"
record_time,Mean_std_acc,Mean_std_f1,device_idx,dataset,n_labeled_per_class,bs,ul_ratio,lr,weight_u_loss,psl_threshold_h,adaptive_threshold,num_nets,cross_labeling,weight_disagreement,disagree_weight,ema_mode,ema_momentum,val_interval,early_stop_tolerance,max_step,seeds_list
20240122-000407,27.80 ± 7.27,24.89 ± 9.59,0,code_complex/python_extended_data,1,8,10,1e-05,1,0.98,True,2,True,True,0.9,True,0.9,25,10,100000,"[0, 1, 2, 3, 4]"
record_time,Mean_std_acc,Mean_std_f1,device_idx,dataset,n_labeled_per_class,bs,ul_ratio,lr,weight_u_loss,psl_threshold_h,adaptive_threshold,num_nets,cross_labeling,weight_disagreement,disagree_weight,ema_mode,ema_momentum,val_interval,early_stop_tolerance,max_step,seeds_list
20240122-000508,16.35 ± 0.91,10.81 ± 3.09,0,code_complex/python_extended_data,3,8,10,1e-05,1,0.98,True,2,True,True,0.9,True,0.9,25,10,100000,"[0, 1, 2, 3, 4]"
record_time,Mean_std_acc,Mean_std_f1,device_idx,dataset,n_labeled_per_class,bs,ul_ratio,lr,weight_u_loss,psl_threshold_h,adaptive_threshold,num_nets,cross_labeling,weight_disagreement,disagree_weight,ema_mode,ema_momentum,val_interval,early_stop_tolerance,max_step,seeds_list
20240122-000531,19.87 ± 3.27,13.37 ± 6.75,0,code_complex/python_extended_data,5,8,10,1e-05,1,0.98,True,2,True,True,0.9,True,0.9,25,10,100000,"[0, 1, 2, 3, 4]"
record_time,Mean_std_acc,Mean_std_f1,device_idx,dataset,n_labeled_per_class,bs,ul_ratio,lr,weight_u_loss,psl_threshold_h,adaptive_threshold,num_nets,cross_labeling,weight_disagreement,disagree_weight,ema_mode,ema_momentum,val_interval,early_stop_tolerance,max_step,seeds_list
20240122-000115,22.00 ± 6.74,17.76 ± 8.72,0,code_complex/java_extended_data,3,8,10,1e-05,1,0.98,True,2,True,True,0.9,True,0.9,25,10,100000,"[0, 1, 2, 3, 4]"
record_time,Mean_std_acc,Mean_std_f1,device_idx,dataset,n_labeled_per_class,bs,ul_ratio,lr,weight_u_loss,psl_threshold_h,adaptive_threshold,num_nets,cross_labeling,weight_disagreement,disagree_weight,ema_mode,ema_momentum,val_interval,early_stop_tolerance,max_step,seeds_list
20240122-000549,19.12 ± 6.15,14.38 ± 9.63,0,code_complex/python_extended_data,10,8,10,1e-05,1,0.98,True,2,True,True,0.9,True,0.9,25,10,100000,"[0, 1, 2, 3, 4]"
record_time,Mean_std_acc,Mean_std_f1,device_idx,dataset,n_labeled_per_class,bs,ul_ratio,lr,weight_u_loss,psl_threshold_h,adaptive_threshold,num_nets,cross_labeling,weight_disagreement,disagree_weight,ema_mode,ema_momentum,val_interval,early_stop_tolerance,max_step,seeds_list
20240122-000329,26.46 ± 4.06,24.10 ± 4.47,0,code_complex/java_extended_data,10,8,10,1e-05,1,0.98,True,2,True,True,0.9,True,0.9,25,10,100000,"[0, 1, 2, 3, 4]"
record_time,Mean_std_acc,Mean_std_f1,device_idx,dataset,n_labeled_per_class,bs,ul_ratio,lr,weight_u_loss,psl_threshold_h,adaptive_threshold,num_nets,cross_labeling,weight_disagreement,disagree_weight,ema_mode,ema_momentum,val_interval,early_stop_tolerance,max_step,seeds_list
20240122-091105,29.78 ± 2.46,28.38 ± 1.96,0,code_complex/java_extended_data,5,8,10,1e-05,1,0.98,True,2,True,True,0.9,True,0.9,25,10,100000,"[0, 1, 2, 3, 4]"
